"Date (TU)","Date de la mesure du min/max (TU)","Valeur (en m)","Statut","Qualification","Méthode","Continuité"
2015-10-01T00:00:00.000Z,2015-10-01T23:59:59.000Z,"22.83","4",16,0,0
2015-10-02T00:00:00.000Z,2015-10-02T16:05:00.000Z,"22.73","4",16,0,0
2015-10-03T00:00:00.000Z,2015-10-03T00:00:00.000Z,"22.76","4",16,0,0
2015-10-04T00:00:00.000Z,2015-10-04T23:30:00.000Z,"22.87","4",16,0,0
2015-10-05T00:00:00.000Z,2015-10-05T23:00:00.000Z,"22.69","4",16,0,0
2015-10-06T00:00:00.000Z,2015-10-06T22:00:00.000Z,"20.25","4",16,0,0
2015-10-07T00:00:00.000Z,2015-10-07T21:30:00.000Z,"19.86","4",16,0,0
2015-10-08T00:00:00.000Z,2015-10-08T12:30:00.000Z,"19.85","4",16,0,0
2015-10-09T00:00:00.000Z,2015-10-09T08:25:00.000Z,"19.63","4",16,0,0
2015-10-10T00:00:00.000Z,2015-10-10T01:25:00.000Z,"20.48","4",16,0,0
2015-10-11T00:00:00.000Z,2015-10-11T21:10:00.000Z,"21.49","4",16,0,0
2015-10-12T00:00:00.000Z,2015-10-12T23:50:00.000Z,"21.13","4",16,0,0
2015-10-13T00:00:00.000Z,2015-10-13T23:00:00.000Z,"20.71","4",16,0,0
2015-10-14T00:00:00.000Z,2015-10-14T23:55:00.000Z,"20.36","4",16,0,0
2015-10-15T00:00:00.000Z,2015-10-15T21:40:00.000Z,"20.00","4",16,0,0
2015-10-16T00:00:00.000Z,2015-10-16T11:15:00.000Z,"19.98","4",16,0,0
2015-10-17T00:00:00.000Z,2015-10-17T23:45:00.000Z,"19.88","4",16,0,0
2015-10-18T00:00:00.000Z,2015-10-18T23:15:00.000Z,"19.72","4",16,0,0
2015-10-19T00:00:00.000Z,2015-10-19T18:10:00.000Z,"19.64","4",16,0,0
2015-10-20T00:00:00.000Z,2015-10-20T23:35:00.000Z,"19.52","4",16,0,0
2015-10-21T00:00:00.000Z,2015-10-21T21:35:00.000Z,"19.37","4",16,0,0
2015-10-22T00:00:00.000Z,2015-10-22T23:35:00.000Z,"19.19","4",16,0,0
2015-10-23T00:00:00.000Z,2015-10-23T23:10:00.000Z,"19.03","4",16,0,0
2015-10-24T00:00:00.000Z,2015-10-24T20:20:00.000Z,"18.96","4",16,0,0
2015-10-25T00:00:00.000Z,2015-10-25T21:35:00.000Z,"18.86","4",16,0,0
2015-10-26T00:00:00.000Z,2015-10-26T20:20:00.000Z,"18.78","4",16,0,0
2015-10-27T00:00:00.000Z,2015-10-27T13:45:00.000Z,"18.72","4",16,0,0
2015-10-28T00:00:00.000Z,2015-10-28T00:00:00.000Z,"18.75","4",16,0,0
2015-10-29T00:00:00.000Z,2015-10-29T21:25:00.000Z,"18.68","4",16,0,0
2015-10-30T00:00:00.000Z,2015-10-30T16:50:00.000Z,"18.59","4",16,0,0
2015-10-31T00:00:00.000Z,2015-10-31T23:10:00.000Z,"18.42","4",16,0,0
2015-11-01T00:00:00.000Z,2015-11-01T23:55:00.000Z,"18.17","4",16,0,0
2015-11-02T00:00:00.000Z,2015-11-02T11:35:00.000Z,"18.05","4",16,0,0
2015-11-03T00:00:00.000Z,2015-11-03T23:55:00.000Z,"18.01","4",16,0,0
2015-11-04T00:00:00.000Z,2015-11-04T00:10:00.000Z,"17.95","4",16,0,0
2015-11-05T00:00:00.000Z,2015-11-05T17:35:00.000Z,"18.30","4",16,0,0
2015-11-06T00:00:00.000Z,2015-11-06T15:10:00.000Z,"18.58","4",16,0,0
2015-11-07T00:00:00.000Z,2015-11-07T23:30:00.000Z,"18.55","4",16,0,0
2015-11-08T00:00:00.000Z,2015-11-08T18:20:00.000Z,"18.16","4",16,0,0
2015-11-09T00:00:00.000Z,2015-11-09T00:00:00.000Z,"18.45","4",16,0,0
2015-11-10T00:00:00.000Z,2015-11-10T17:40:00.000Z,"18.65","4",16,0,0
2015-11-11T00:00:00.000Z,2015-11-11T17:40:00.000Z,"18.59","4",16,0,0
2015-11-12T00:00:00.000Z,2015-11-12T18:00:00.000Z,"18.32","4",16,0,0
2015-11-13T00:00:00.000Z,2015-11-13T00:05:00.000Z,"18.45","4",16,0,0
2015-11-14T00:00:00.000Z,2015-11-14T17:25:00.000Z,"18.50","4",16,0,0
2015-11-15T00:00:00.000Z,2015-11-15T16:25:00.000Z,"18.44","4",16,0,0
2015-11-16T00:00:00.000Z,2015-11-16T13:15:00.000Z,"18.46","4",16,0,0
2015-11-17T00:00:00.000Z,2015-11-17T17:35:00.000Z,"18.58","4",16,0,0
2015-11-18T00:00:00.000Z,2015-11-18T18:00:00.000Z,"18.52","4",16,0,0
2015-11-19T00:00:00.000Z,2015-11-19T18:30:00.000Z,"18.32","4",16,0,0
2015-11-20T00:00:00.000Z,2015-11-20T17:30:00.000Z,"18.30","4",16,0,0
2015-11-21T00:00:00.000Z,2015-11-21T00:05:00.000Z,"18.43","4",16,0,0
2015-11-22T00:00:00.000Z,2015-11-22T00:05:00.000Z,"18.67","4",16,0,0
2015-11-23T00:00:00.000Z,2015-11-23T15:00:00.000Z,"18.66","4",16,0,0
2015-11-24T00:00:00.000Z,2015-11-24T15:00:00.000Z,"18.57","4",16,0,0
2015-11-25T00:00:00.000Z,2015-11-25T10:00:00.000Z,"18.59","4",16,0,0
2015-11-26T00:00:00.000Z,2015-11-26T00:00:00.000Z,"18.82","4",16,0,0
2015-11-27T00:00:00.000Z,2015-11-27T23:30:00.000Z,"18.47","4",16,0,0
2015-11-28T00:00:00.000Z,2015-11-28T06:30:00.000Z,"18.42","4",16,0,0
2015-11-29T00:00:00.000Z,2015-11-29T19:30:00.000Z,"18.07","4",16,0,0
2015-11-30T00:00:00.000Z,2015-11-30T14:30:00.000Z,"18.19","4",16,0,0
2015-12-01T00:00:00.000Z,2015-12-01T04:00:00.000Z,"17.26","4",16,0,0
2015-12-02T00:00:00.000Z,2015-12-02T00:30:00.000Z,"17.51","4",16,0,0
2015-12-03T00:00:00.000Z,2015-12-03T12:20:00.000Z,"18.70","4",16,0,0
2015-12-04T00:00:00.000Z,2015-12-04T12:50:00.000Z,"18.49","4",16,0,0
2015-12-05T00:00:00.000Z,2015-12-05T12:55:00.000Z,"18.25","4",16,0,0
2015-12-06T00:00:00.000Z,2015-12-06T14:50:00.000Z,"18.30","4",16,0,0
2015-12-07T00:00:00.000Z,2015-12-07T00:15:00.000Z,"18.32","4",16,0,0
2015-12-08T00:00:00.000Z,2015-12-08T00:05:00.000Z,"18.79","4",16,0,0
2015-12-09T00:00:00.000Z,2015-12-09T13:30:00.000Z,"18.49","4",16,0,0
2015-12-10T00:00:00.000Z,2015-12-10T12:40:00.000Z,"18.16","4",16,0,0
2015-12-11T00:00:00.000Z,2015-12-11T12:10:00.000Z,"18.30","4",16,0,0
2015-12-12T00:00:00.000Z,2015-12-12T12:00:00.000Z,"18.46","4",16,0,0
2015-12-13T00:00:00.000Z,2015-12-13T23:00:00.000Z,"18.27","4",16,0,0
2015-12-14T00:00:00.000Z,2015-12-14T04:00:00.000Z,"18.23","4",16,0,0
2015-12-15T00:00:00.000Z,2015-12-15T10:30:00.000Z,"18.46","4",16,0,0
2015-12-16T00:00:00.000Z,2015-12-16T12:40:00.000Z,"18.60","4",16,0,0
2015-12-17T00:00:00.000Z,2015-12-17T12:25:00.000Z,"18.50","4",16,0,0
2015-12-18T00:00:00.000Z,2015-12-18T12:50:00.000Z,"18.37","4",16,0,0
2015-12-19T00:00:00.000Z,2015-12-19T12:40:00.000Z,"18.23","4",16,0,0
2015-12-20T00:00:00.000Z,2015-12-20T20:35:00.000Z,"18.00","4",16,0,0
2015-12-21T00:00:00.000Z,2015-12-21T02:10:00.000Z,"18.00","4",16,0,0
2015-12-22T00:00:00.000Z,2015-12-22T12:50:00.000Z,"18.52","4",16,0,0
2015-12-23T00:00:00.000Z,2015-12-23T12:30:00.000Z,"18.74","4",16,0,0
2015-12-24T00:00:00.000Z,2015-12-24T11:40:00.000Z,"18.90","4",16,0,0
2015-12-25T00:00:00.000Z,2015-12-25T12:50:00.000Z,"18.70","4",16,0,0
2015-12-26T00:00:00.000Z,2015-12-26T12:35:00.000Z,"18.67","4",16,0,0
2015-12-27T00:00:00.000Z,2015-12-27T23:25:00.000Z,"18.41","4",16,0,0
2015-12-28T00:00:00.000Z,2015-12-28T10:30:00.000Z,"18.29","4",16,0,0
2015-12-29T00:00:00.000Z,2015-12-29T14:20:00.000Z,"18.37","4",16,0,0
2015-12-30T00:00:00.000Z,2015-12-30T13:30:00.000Z,"18.30","4",16,0,0
2015-12-31T00:00:00.000Z,2015-12-31T11:35:00.000Z,"18.30","4",16,0,0
2016-01-01T00:00:00.000Z,2016-01-01T12:20:00.000Z,"18.60","4",16,0,0
2016-01-02T00:00:00.000Z,2016-01-02T12:50:00.000Z,"18.86","4",16,0,0
2016-01-03T00:00:00.000Z,2016-01-03T22:55:00.000Z,"18.82","4",16,0,0
2016-01-04T00:00:00.000Z,2016-01-04T13:15:00.000Z,"18.60","4",16,0,0
2016-01-05T00:00:00.000Z,2016-01-05T12:25:00.000Z,"18.90","4",16,0,0
2016-01-06T00:00:00.000Z,2016-01-06T00:00:00.000Z,"19.23","4",16,0,0
2016-01-07T00:00:00.000Z,2016-01-07T00:00:00.000Z,"19.53","4",16,0,0
2016-01-08T00:00:00.000Z,2016-01-08T11:40:00.000Z,"19.77","4",16,0,0
2016-01-09T00:00:00.000Z,2016-01-09T10:10:00.000Z,"19.89","4",16,0,0
2016-01-10T00:00:00.000Z,2016-01-10T23:45:00.000Z,"19.78","4",16,0,0
2016-01-11T00:00:00.000Z,2016-01-11T08:00:00.000Z,"19.71","4",16,0,0
2016-01-12T00:00:00.000Z,2016-01-12T00:00:00.000Z,"20.19","4",16,0,0
2016-01-13T00:00:00.000Z,2016-01-13T00:10:00.000Z,"20.66","4",16,0,0
2016-01-14T00:00:00.000Z,2016-01-14T00:45:00.000Z,"20.98","4",16,0,0
2016-01-15T00:00:00.000Z,2016-01-15T00:05:00.000Z,"21.38","4",16,0,0
2016-01-16T00:00:00.000Z,2016-01-16T00:05:00.000Z,"21.69","4",16,0,0
2016-01-17T00:00:00.000Z,2016-01-17T00:05:00.000Z,"21.94","4",16,0,0
2016-01-18T00:00:00.000Z,2016-01-18T00:05:00.000Z,"22.05","4",16,0,0
2016-01-19T00:00:00.000Z,2016-01-19T00:05:00.000Z,"22.29","4",16,0,0
2016-01-20T00:00:00.000Z,2016-01-20T00:05:00.000Z,"22.50","4",16,0,0
2016-01-21T00:00:00.000Z,2016-01-21T14:35:00.000Z,"22.66","4",16,0,0
2016-01-22T00:00:00.000Z,2016-01-22T23:35:00.000Z,"20.24","4",16,0,0
2016-01-23T00:00:00.000Z,2016-01-23T14:35:00.000Z,"20.27","4",16,0,0
2016-01-24T00:00:00.000Z,2016-01-24T00:05:00.000Z,"23.53","4",16,0,0
2016-01-25T00:00:00.000Z,2016-01-25T06:35:00.000Z,"20.80","4",16,0,0
2016-01-26T00:00:00.000Z,2016-01-26T00:00:00.000Z,"23.93","4",16,0,0
2016-01-27T00:00:00.000Z,2016-01-27T00:05:00.000Z,"24.35","4",16,0,0
2016-01-28T00:00:00.000Z,2016-01-28T00:05:00.000Z,"24.71","4",16,0,0
2016-01-29T00:00:00.000Z,2016-01-29T00:00:00.000Z,"24.76","4",16,0,0
2016-01-30T00:00:00.000Z,2016-01-30T00:05:00.000Z,"24.77","4",16,0,0
2016-01-31T00:00:00.000Z,2016-01-31T22:35:00.000Z,"24.88","4",16,0,0
2016-02-01T00:00:00.000Z,2016-02-01T19:05:00.000Z,"22.38","4",16,0,0
2016-02-02T00:00:00.000Z,2016-02-02T07:05:00.000Z,"21.64","4",16,0,0
2016-02-03T00:00:00.000Z,2016-02-03T06:05:00.000Z,"22.59","4",16,0,0
2016-02-04T00:00:00.000Z,2016-02-04T00:05:00.000Z,"23.23","4",16,0,0
2016-02-05T00:00:00.000Z,2016-02-05T09:00:00.000Z,"26.27","4",16,0,0
2016-02-06T00:00:00.000Z,2016-02-06T00:05:00.000Z,"26.64","4",16,0,0
2016-02-07T00:00:00.000Z,2016-02-07T00:15:00.000Z,"26.95","4",16,0,0
2016-02-08T00:00:00.000Z,2016-02-08T02:05:00.000Z,"26.97","4",16,0,0
2016-02-09T00:00:00.000Z,2016-02-09T00:00:00.000Z,"27.18","4",16,0,0
2016-02-10T00:00:00.000Z,2016-02-10T00:15:00.000Z,"27.46","4",16,0,0
2016-02-11T00:00:00.000Z,2016-02-11T00:00:00.000Z,"27.79","4",16,0,0
2016-02-12T00:00:00.000Z,2016-02-12T00:00:00.000Z,"28.03","4",16,0,0
2016-02-13T00:00:00.000Z,2016-02-13T00:00:00.000Z,"28.35","4",16,0,0
2016-02-14T00:00:00.000Z,2016-02-14T00:05:00.000Z,"28.81","4",16,0,0
2016-02-15T00:00:00.000Z,2016-02-15T10:20:00.000Z,"28.97","4",16,0,0
2016-02-16T00:00:00.000Z,2016-02-16T00:10:00.000Z,"29.13","4",16,0,0
2016-02-17T00:00:00.000Z,2016-02-17T00:00:00.000Z,"29.28","4",16,0,0
2016-02-18T00:00:00.000Z,2016-02-18T00:00:00.000Z,"29.53","4",16,0,0
2016-02-19T00:00:00.000Z,2016-02-19T00:00:00.000Z,"29.80","4",16,0,0
2016-02-20T00:00:00.000Z,2016-02-20T00:00:00.000Z,"30.04","4",16,0,0
2016-02-21T00:00:00.000Z,2016-02-21T00:10:00.000Z,"30.26","4",16,0,0
2016-02-22T00:00:00.000Z,2016-02-22T00:00:00.000Z,"30.36","4",16,0,0
2016-02-23T00:00:00.000Z,2016-02-23T00:00:00.000Z,"30.62","4",16,0,0
2016-02-24T00:00:00.000Z,2016-02-24T00:00:00.000Z,"30.96","4",16,0,0
2016-02-25T00:00:00.000Z,2016-02-25T00:00:00.000Z,"31.23","4",16,0,0
2016-02-26T00:00:00.000Z,2016-02-26T00:00:00.000Z,"31.49","4",16,0,0
2016-02-27T00:00:00.000Z,2016-02-27T00:00:00.000Z,"31.71","4",16,8,0
2016-02-28T00:00:00.000Z,2016-02-28T00:00:00.000Z,"32.04","4",16,0,0
2016-02-29T00:00:00.000Z,2016-02-29T10:20:00.000Z,"32.26","4",16,0,0
2016-03-01T00:00:00.000Z,2016-03-01T09:15:00.000Z,"32.33","4",16,0,0
2016-03-02T00:00:00.000Z,2016-03-02T00:10:00.000Z,"32.37","4",16,0,0
2016-03-03T00:00:00.000Z,2016-03-03T00:05:00.000Z,"32.58","4",16,0,0
2016-03-04T00:00:00.000Z,2016-03-04T08:15:00.000Z,"32.76","4",16,0,0
2016-03-05T00:00:00.000Z,2016-03-05T00:25:00.000Z,"33.00","4",16,0,0
2016-03-06T00:00:00.000Z,2016-03-06T00:00:00.000Z,"33.19","4",16,0,0
2016-03-07T00:00:00.000Z,2016-03-07T13:10:00.000Z,"33.26","4",16,0,0
2016-03-08T00:00:00.000Z,2016-03-08T04:10:00.000Z,"33.36","4",16,0,0
2016-03-09T00:00:00.000Z,2016-03-09T00:40:00.000Z,"33.47","4",16,0,0
2016-03-10T00:00:00.000Z,2016-03-10T00:10:00.000Z,"33.70","4",16,0,0
2016-03-11T00:00:00.000Z,2016-03-11T00:40:00.000Z,"33.93","4",16,0,0
2016-03-12T00:00:00.000Z,2016-03-12T00:40:00.000Z,"34.13","4",16,0,0
2016-03-13T00:00:00.000Z,2016-03-13T00:10:00.000Z,"34.28","4",16,0,0
2016-03-14T00:00:00.000Z,2016-03-14T00:10:00.000Z,"34.41","4",16,0,0
2016-03-15T00:00:00.000Z,2016-03-15T00:10:00.000Z,"34.57","4",16,0,0
2016-03-16T00:00:00.000Z,2016-03-16T00:10:00.000Z,"34.78","4",16,0,0
2016-03-17T00:00:00.000Z,2016-03-17T23:40:00.000Z,"34.91","4",16,0,0
2016-03-18T00:00:00.000Z,2016-03-18T21:40:00.000Z,"27.74","4",16,0,0
2016-03-19T00:00:00.000Z,2016-03-19T14:40:00.000Z,"28.56","4",16,0,0
2016-03-20T00:00:00.000Z,2016-03-20T07:40:00.000Z,"28.40","4",16,0,0
2016-03-21T00:00:00.000Z,2016-03-21T01:10:00.000Z,"32.06","4",16,0,0
2016-03-22T00:00:00.000Z,2016-03-22T00:05:00.000Z,"36.05","4",16,0,0
2016-03-23T00:00:00.000Z,2016-03-23T00:10:00.000Z,"36.34","4",16,0,0
2016-03-24T00:00:00.000Z,2016-03-24T00:10:00.000Z,"36.62","4",16,0,0
2016-03-25T00:00:00.000Z,2016-03-25T00:35:00.000Z,"36.88","4",16,0,0
2016-03-26T00:00:00.000Z,2016-03-26T00:00:00.000Z,"37.09","4",16,0,0
2016-03-27T00:00:00.000Z,2016-03-27T00:00:00.000Z,"37.27","4",16,0,0
2016-03-28T00:00:00.000Z,2016-03-28T00:05:00.000Z,"37.52","4",16,0,0
2016-03-29T00:00:00.000Z,2016-03-29T00:00:00.000Z,"37.76","4",16,0,0
2016-03-30T00:00:00.000Z,2016-03-30T00:00:00.000Z,"37.97","4",16,0,0
2016-03-31T00:00:00.000Z,2016-03-31T00:05:00.000Z,"38.14","4",16,0,0
2016-04-01T00:00:00.000Z,2016-04-01T00:50:00.000Z,"38.36","4",16,0,0
2016-04-02T00:00:00.000Z,2016-04-02T00:00:00.000Z,"38.63","4",16,0,0
2016-04-03T00:00:00.000Z,2016-04-03T00:10:00.000Z,"38.82","4",16,0,0
2016-04-04T00:00:00.000Z,2016-04-04T00:10:00.000Z,"38.89","4",16,0,0
2016-04-05T00:00:00.000Z,2016-04-05T00:00:00.000Z,"38.95","4",16,0,0
2016-04-06T00:00:00.000Z,2016-04-06T21:05:00.000Z,"39.12","4",16,0,0
2016-04-07T00:00:00.000Z,2016-04-07T09:00:00.000Z,"39.09","4",16,0,0
2016-04-08T00:00:00.000Z,2016-04-08T00:00:00.000Z,"39.21","4",16,0,0
2016-04-09T00:00:00.000Z,2016-04-09T00:20:00.000Z,"39.50","4",16,0,0
2016-04-10T00:00:00.000Z,2016-04-10T00:00:00.000Z,"39.65","4",16,0,0
2016-04-11T00:00:00.000Z,2016-04-11T00:20:00.000Z,"39.75","4",16,0,0
2016-04-12T00:00:00.000Z,2016-04-12T00:00:00.000Z,"39.78","4",16,0,0
2016-04-13T00:00:00.000Z,2016-04-13T00:00:00.000Z,"39.91","4",16,0,0
2016-04-14T00:00:00.000Z,2016-04-14T00:00:00.000Z,"40.07","4",16,0,0
2016-04-15T00:00:00.000Z,2016-04-15T00:00:00.000Z,"40.21","4",16,0,0
2016-04-16T00:00:00.000Z,2016-04-16T00:05:00.000Z,"40.38","4",16,0,0
2016-04-17T00:00:00.000Z,2016-04-17T00:00:00.000Z,"40.61","4",16,0,0
2016-04-18T00:00:00.000Z,2016-04-18T00:00:00.000Z,"40.81","4",16,0,0
2016-04-19T00:00:00.000Z,2016-04-19T12:05:00.000Z,"40.73","4",16,0,0
2016-04-20T00:00:00.000Z,2016-04-20T00:00:00.000Z,"41.07","4",16,0,0
2016-04-21T00:00:00.000Z,2016-04-21T00:05:00.000Z,"41.16","4",16,0,0
2016-04-22T00:00:00.000Z,2016-04-22T08:00:00.000Z,"41.41","4",16,0,0
2016-04-23T00:00:00.000Z,2016-04-23T00:15:00.000Z,"41.43","4",16,0,0
2016-04-24T00:00:00.000Z,2016-04-24T00:00:00.000Z,"41.55","4",16,0,0
2016-04-25T00:00:00.000Z,2016-04-25T00:10:00.000Z,"41.73","4",16,0,0
2016-04-26T00:00:00.000Z,2016-04-26T00:00:00.000Z,"41.87","4",16,0,0
2016-04-27T00:00:00.000Z,2016-04-27T00:05:00.000Z,"42.02","4",16,0,0
2016-04-28T00:00:00.000Z,2016-04-28T08:00:00.000Z,"41.98","4",16,0,0
2016-04-29T00:00:00.000Z,2016-04-29T00:40:00.000Z,"42.36","4",16,0,0
2016-04-30T00:00:00.000Z,2016-04-30T00:05:00.000Z,"42.48","4",16,0,0
2016-05-01T00:00:00.000Z,2016-05-01T05:35:00.000Z,"42.54","4",16,0,0
2016-05-02T00:00:00.000Z,2016-05-02T00:50:00.000Z,"42.57","4",16,0,0
2016-05-03T00:00:00.000Z,2016-05-03T02:25:00.000Z,"42.62","4",16,0,0
2016-05-04T00:00:00.000Z,2016-05-04T18:15:00.000Z,"42.50","4",16,0,0
2016-05-05T00:00:00.000Z,2016-05-05T08:15:00.000Z,"42.55","4",16,0,0
2016-05-06T00:00:00.000Z,2016-05-06T02:45:00.000Z,"42.61","4",16,0,0
2016-05-07T00:00:00.000Z,2016-05-07T01:15:00.000Z,"42.67","4",16,0,0
2016-05-08T00:00:00.000Z,2016-05-08T00:45:00.000Z,"42.67","4",16,0,0
2016-05-09T00:00:00.000Z,2016-05-09T00:15:00.000Z,"42.77","4",16,0,0
2016-05-10T00:00:00.000Z,2016-05-10T20:45:00.000Z,"42.79","4",16,0,0
2016-05-11T00:00:00.000Z,2016-05-11T15:45:00.000Z,"42.74","4",16,0,0
2016-05-12T00:00:00.000Z,2016-05-12T06:55:00.000Z,"42.74","4",16,0,0
2016-05-13T00:00:00.000Z,2016-05-13T00:15:00.000Z,"42.88","4",16,0,0
2016-05-14T00:00:00.000Z,2016-05-14T00:15:00.000Z,"42.88","4",16,0,0
2016-05-15T00:00:00.000Z,2016-05-15T19:45:00.000Z,"32.67","4",16,0,0
2016-05-16T00:00:00.000Z,2016-05-16T18:45:00.000Z,"37.73","4",16,0,0
2016-05-17T00:00:00.000Z,2016-05-17T09:15:00.000Z,"32.93","4",16,0,0
2016-05-18T00:00:00.000Z,2016-05-18T05:45:00.000Z,"32.69","4",16,0,0
2016-05-19T00:00:00.000Z,2016-05-19T22:05:00.000Z,"43.48","4",16,0,0
2016-05-20T00:00:00.000Z,2016-05-20T00:15:00.000Z,"43.47","4",16,0,0
2016-05-21T00:00:00.000Z,2016-05-21T00:00:00.000Z,"43.54","4",16,0,0
2016-05-22T00:00:00.000Z,2016-05-22T00:05:00.000Z,"43.67","4",16,0,0
2016-05-23T00:00:00.000Z,2016-05-23T17:55:00.000Z,"43.73","4",16,0,0
2016-05-24T00:00:00.000Z,2016-05-24T02:45:00.000Z,"43.73","4",16,0,0
2016-05-25T00:00:00.000Z,2016-05-25T06:55:00.000Z,"43.58","4",16,0,0
2016-05-26T00:00:00.000Z,2016-05-26T00:05:00.000Z,"43.84","4",16,0,0
2016-05-27T00:00:00.000Z,2016-05-27T21:00:00.000Z,"43.82","4",16,0,0
2016-05-28T00:00:00.000Z,2016-05-28T00:15:00.000Z,"43.82","4",16,0,0
2016-05-29T00:00:00.000Z,2016-05-29T00:00:00.000Z,"43.84","4",16,0,0
2016-05-30T00:00:00.000Z,2016-05-30T00:00:00.000Z,"43.94","4",16,0,0
2016-05-31T00:00:00.000Z,2016-05-31T12:30:00.000Z,"43.73","4",16,0,0
2016-06-01T00:00:00.000Z,2016-06-01T06:25:00.000Z,"43.73","4",16,0,0
2016-06-02T00:00:00.000Z,2016-06-02T09:00:00.000Z,"43.94","4",16,0,0
2016-06-03T00:00:00.000Z,2016-06-03T00:05:00.000Z,"43.95","4",16,0,0
2016-06-04T00:00:00.000Z,2016-06-04T18:45:00.000Z,"43.83","4",16,0,0
2016-06-05T00:00:00.000Z,2016-06-05T14:25:00.000Z,"44.05","4",16,0,0
2016-06-06T00:00:00.000Z,2016-06-06T00:00:00.000Z,"44.05","4",16,0,0
2016-06-07T00:00:00.000Z,2016-06-07T22:30:00.000Z,"44.03","4",16,0,0
2016-06-08T00:00:00.000Z,2016-06-08T17:15:00.000Z,"43.99","4",16,0,0
2016-06-09T00:00:00.000Z,2016-06-09T21:15:00.000Z,"44.00","4",16,0,0
2016-06-10T00:00:00.000Z,2016-06-10T02:45:00.000Z,"43.98","4",16,0,0
2016-06-11T00:00:00.000Z,2016-06-11T23:40:00.000Z,"44.00","4",16,0,0
2016-06-12T00:00:00.000Z,2016-06-12T22:55:00.000Z,"43.93","4",16,0,0
2016-06-13T00:00:00.000Z,2016-06-13T08:45:00.000Z,"43.93","4",16,0,0
2016-06-14T00:00:00.000Z,2016-06-14T13:10:00.000Z,"43.75","4",16,0,0
2016-06-15T00:00:00.000Z,2016-06-15T05:10:00.000Z,"44.00","4",16,0,0
2016-06-16T00:00:00.000Z,2016-06-16T02:50:00.000Z,"44.00","4",16,0,0
2016-06-17T00:00:00.000Z,2016-06-17T02:25:00.000Z,"44.00","4",16,0,0
2016-06-18T00:00:00.000Z,2016-06-18T05:55:00.000Z,"44.01","4",16,0,0
2016-06-19T00:00:00.000Z,2016-06-19T16:25:00.000Z,"44.00","4",16,0,0
2016-06-20T00:00:00.000Z,2016-06-20T07:25:00.000Z,"44.00","4",16,0,0
2016-06-21T00:00:00.000Z,2016-06-21T16:55:00.000Z,"43.98","4",16,0,0
2016-06-22T00:00:00.000Z,2016-06-22T01:05:00.000Z,"44.00","4",16,0,0
2016-06-23T00:00:00.000Z,2016-06-23T00:10:00.000Z,"44.02","4",16,0,0
2016-06-24T00:00:00.000Z,2016-06-24T20:45:00.000Z,"44.02","4",16,0,0
2016-06-25T00:00:00.000Z,2016-06-25T21:05:00.000Z,"43.98","4",16,0,0
2016-06-26T00:00:00.000Z,2016-06-26T19:25:00.000Z,"43.92","4",16,0,0
2016-06-27T00:00:00.000Z,2016-06-27T01:55:00.000Z,"43.94","4",16,0,0
2016-06-28T00:00:00.000Z,2016-06-28T00:10:00.000Z,"43.96","4",16,0,0
2016-06-29T00:00:00.000Z,2016-06-29T11:10:00.000Z,"43.80","4",16,0,0
2016-06-30T00:00:00.000Z,2016-06-30T19:10:00.000Z,"43.95","4",16,0,0
2016-07-01T00:00:00.000Z,2016-07-01T12:20:00.000Z,"43.77","4",16,0,0
2016-07-02T00:00:00.000Z,2016-07-02T00:00:00.000Z,"44.03","4",16,0,0
2016-07-03T00:00:00.000Z,2016-07-03T23:20:00.000Z,"43.80","4",16,0,0
2016-07-04T00:00:00.000Z,2016-07-04T18:20:00.000Z,"43.73","4",16,0,0
2016-07-05T00:00:00.000Z,2016-07-05T14:50:00.000Z,"43.69","4",16,0,0
2016-07-06T00:00:00.000Z,2016-07-06T19:50:00.000Z,"43.61","4",16,0,0
2016-07-07T00:00:00.000Z,2016-07-07T17:50:00.000Z,"43.55","4",16,0,0
2016-07-08T00:00:00.000Z,2016-07-08T03:50:00.000Z,"43.52","4",16,0,0
2016-07-09T00:00:00.000Z,2016-07-09T18:20:00.000Z,"43.49","4",16,0,0
2016-07-10T00:00:00.000Z,2016-07-10T19:50:00.000Z,"43.41","4",16,0,0
2016-07-11T00:00:00.000Z,2016-07-11T18:50:00.000Z,"43.31","4",16,0,0
2016-07-12T00:00:00.000Z,2016-07-12T18:20:00.000Z,"43.20","4",16,0,0
2016-07-13T00:00:00.000Z,2016-07-13T20:05:00.000Z,"36.56","4",16,0,0
2016-07-14T00:00:00.000Z,2016-07-14T18:50:00.000Z,"42.98","4",16,0,0
2016-07-15T00:00:00.000Z,2016-07-15T23:50:00.000Z,"42.84","4",16,0,0
2016-07-16T00:00:00.000Z,2016-07-16T18:20:00.000Z,"42.70","4",16,0,0
2016-07-17T00:00:00.000Z,2016-07-17T21:20:00.000Z,"42.54","4",16,0,0
2016-07-18T00:00:00.000Z,2016-07-18T22:20:00.000Z,"42.32","4",16,0,0
2016-07-19T00:00:00.000Z,2016-07-19T23:50:00.000Z,"32.44","4",16,0,0
2016-07-20T00:00:00.000Z,2016-07-20T17:50:00.000Z,"32.20","4",16,0,0
2016-07-21T00:00:00.000Z,2016-07-21T11:50:00.000Z,"31.96","4",16,0,0
2016-07-22T00:00:00.000Z,2016-07-22T11:50:00.000Z,"31.90","4",16,0,0
2016-07-23T00:00:00.000Z,2016-07-23T03:20:00.000Z,"41.54","4",16,0,0
2016-07-24T00:00:00.000Z,2016-07-24T22:50:00.000Z,"41.50","4",16,0,0
2016-07-25T00:00:00.000Z,2016-07-25T23:35:00.000Z,"41.29","4",16,0,0
2016-07-26T00:00:00.000Z,2016-07-26T09:00:00.000Z,"40.92","4",16,0,0
2016-07-27T00:00:00.000Z,2016-07-27T23:05:00.000Z,"40.90","4",16,0,0
2016-07-28T00:00:00.000Z,2016-07-28T23:35:00.000Z,"40.69","4",16,0,0
2016-07-29T00:00:00.000Z,2016-07-29T22:05:00.000Z,"40.49","4",16,0,0
2016-07-30T00:00:00.000Z,2016-07-30T22:35:00.000Z,"40.30","4",16,0,0
2016-07-31T00:00:00.000Z,2016-07-31T23:35:00.000Z,"40.09","4",16,0,0
2016-08-01T00:00:00.000Z,2016-08-01T22:30:00.000Z,"39.90","4",16,0,0
2016-08-02T00:00:00.000Z,2016-08-02T08:30:00.000Z,"36.81","4",16,0,0
2016-08-03T00:00:00.000Z,2016-08-03T23:55:00.000Z,"39.41","4",16,0,0
2016-08-04T00:00:00.000Z,2016-08-04T23:45:00.000Z,"39.19","4",16,0,0
2016-08-05T00:00:00.000Z,2016-08-05T23:59:59.000Z,"38.95","4",16,0,0
2016-08-06T00:00:00.000Z,2016-08-06T23:05:00.000Z,"38.72","4",16,0,0
2016-08-07T00:00:00.000Z,2016-08-07T23:59:59.000Z,"38.44","4",16,0,0
2016-08-08T00:00:00.000Z,2016-08-08T22:45:00.000Z,"38.19","4",16,0,0
2016-08-09T00:00:00.000Z,2016-08-09T21:50:00.000Z,"37.95","4",16,0,0
2016-08-10T00:00:00.000Z,2016-08-10T21:40:00.000Z,"37.86","4",16,0,0
2016-08-11T00:00:00.000Z,2016-08-11T22:45:00.000Z,"37.60","4",16,0,0
2016-08-12T00:00:00.000Z,2016-08-12T23:35:00.000Z,"37.34","4",16,0,0
2016-08-13T00:00:00.000Z,2016-08-13T23:30:00.000Z,"37.06","4",16,0,0
2016-08-14T00:00:00.000Z,2016-08-14T20:55:00.000Z,"36.87","4",16,0,0
2016-08-15T00:00:00.000Z,2016-08-15T23:25:00.000Z,"36.69","4",16,0,0
2016-08-16T00:00:00.000Z,2016-08-16T23:00:00.000Z,"36.57","4",16,0,0
2016-08-17T00:00:00.000Z,2016-08-17T16:30:00.000Z,"36.47","4",16,0,0
2016-08-18T00:00:00.000Z,2016-08-18T23:40:00.000Z,"36.36","4",16,0,0
2016-08-19T00:00:00.000Z,2016-08-19T23:50:00.000Z,"36.22","4",16,0,0
2016-08-20T00:00:00.000Z,2016-08-20T21:20:00.000Z,"36.08","4",16,0,0
2016-08-21T00:00:00.000Z,2016-08-21T22:05:00.000Z,"35.94","4",16,0,0
2016-08-22T00:00:00.000Z,2016-08-22T23:30:00.000Z,"35.77","4",16,0,0
2016-08-23T00:00:00.000Z,2016-08-23T23:15:00.000Z,"35.56","4",16,0,0
2016-08-24T00:00:00.000Z,2016-08-24T22:05:00.000Z,"35.34","4",16,0,0
2016-08-25T00:00:00.000Z,2016-08-25T12:20:00.000Z,"34.01","4",16,0,0
2016-08-26T00:00:00.000Z,2016-08-26T22:40:00.000Z,"34.84","4",16,0,0
2016-08-27T00:00:00.000Z,2016-08-27T23:05:00.000Z,"34.58","4",16,0,0
2016-08-28T00:00:00.000Z,2016-08-28T23:10:00.000Z,"34.32","4",16,0,0
2016-08-29T00:00:00.000Z,2016-08-29T23:35:00.000Z,"34.04","4",16,0,0
2016-08-30T00:00:00.000Z,2016-08-30T23:20:00.000Z,"33.93","4",16,0,0
2016-08-31T00:00:00.000Z,2016-08-31T23:20:00.000Z,"33.72","4",16,0,0
2016-09-01T00:00:00.000Z,2016-09-01T22:50:00.000Z,"33.44","4",16,0,0
2016-09-02T00:00:00.000Z,2016-09-02T23:05:00.000Z,"33.11","4",16,0,0
2016-09-03T00:00:00.000Z,2016-09-03T23:10:00.000Z,"32.80","4",16,0,0
2016-09-04T00:00:00.000Z,2016-09-04T23:55:00.000Z,"32.53","4",16,0,0
2016-09-05T00:00:00.000Z,2016-09-05T23:55:00.000Z,"32.20","4",16,0,0
2016-09-06T00:00:00.000Z,2016-09-06T23:55:00.000Z,"31.93","4",16,0,0
2016-09-07T00:00:00.000Z,2016-09-07T23:55:00.000Z,"31.65","4",16,0,0
2016-09-08T00:00:00.000Z,2016-09-08T23:55:00.000Z,"31.36","4",16,0,0
2016-09-09T00:00:00.000Z,2016-09-09T23:55:00.000Z,"31.08","4",16,0,0
2016-09-10T00:00:00.000Z,2016-09-10T20:55:00.000Z,"30.86","4",16,0,0
2016-09-11T00:00:00.000Z,2016-09-11T23:55:00.000Z,"30.56","4",16,0,0
2016-09-12T00:00:00.000Z,2016-09-12T22:55:00.000Z,"30.28","4",16,0,0
2016-09-13T00:00:00.000Z,2016-09-13T21:55:00.000Z,"29.97","4",16,0,0
2016-09-14T00:00:00.000Z,2016-09-14T22:25:00.000Z,"29.68","4",16,0,0
2016-09-15T00:00:00.000Z,2016-09-15T22:40:00.000Z,"29.52","4",16,0,0
2016-09-16T00:00:00.000Z,2016-09-16T21:55:00.000Z,"29.29","4",16,0,0
2016-09-17T00:00:00.000Z,2016-09-17T23:25:00.000Z,"29.00","4",16,0,0
2016-09-18T00:00:00.000Z,2016-09-18T22:25:00.000Z,"28.74","4",16,0,0
2016-09-19T00:00:00.000Z,2016-09-19T22:25:00.000Z,"28.45","4",16,0,0
2016-09-20T00:00:00.000Z,2016-09-20T22:55:00.000Z,"28.13","4",16,0,0
2016-09-21T00:00:00.000Z,2016-09-21T23:55:00.000Z,"27.76","4",16,0,0
2016-09-22T00:00:00.000Z,2016-09-22T23:55:00.000Z,"27.35","4",16,0,0
2016-09-23T00:00:00.000Z,2016-09-23T23:55:00.000Z,"26.86","4",16,0,0
2016-09-24T00:00:00.000Z,2016-09-24T19:25:00.000Z,"22.36","4",16,0,0
2016-09-25T00:00:00.000Z,2016-09-25T14:55:00.000Z,"22.78","4",16,0,0
2016-09-26T00:00:00.000Z,2016-09-26T08:55:00.000Z,"21.87","4",16,0,0
2016-09-27T00:00:00.000Z,2016-09-27T23:40:00.000Z,"25.22","4",16,0,0
2016-09-28T00:00:00.000Z,2016-09-28T20:40:00.000Z,"21.25","4",16,0,0
2016-09-29T00:00:00.000Z,2016-09-29T17:55:00.000Z,"23.82","4",16,0,0
2016-09-30T00:00:00.000Z,2016-09-30T09:55:00.000Z,"20.93","4",16,0,0
2016-10-01T00:00:00.000Z,2016-10-01T23:10:00.000Z,"23.62","4",16,0,0
2016-10-02T00:00:00.000Z,2016-10-02T23:59:59.000Z,"23.36","4",16,0,0
2016-10-03T00:00:00.000Z,2016-10-03T23:05:00.000Z,"23.21","4",16,0,0
2016-10-04T00:00:00.000Z,2016-10-04T20:00:00.000Z,"23.09","4",16,0,0
2016-10-05T00:00:00.000Z,2016-10-05T23:50:00.000Z,"22.94","4",16,0,0
2016-10-06T00:00:00.000Z,2016-10-06T13:40:00.000Z,"22.83","4",16,0,0
2016-10-07T00:00:00.000Z,2016-10-07T23:55:00.000Z,"22.74","4",16,0,0
2016-10-08T00:00:00.000Z,2016-10-08T23:30:00.000Z,"22.66","4",16,0,0
2016-10-09T00:00:00.000Z,2016-10-09T23:05:00.000Z,"22.60","4",16,0,0
2016-10-10T00:00:00.000Z,2016-10-10T21:25:00.000Z,"22.54","4",16,0,0
2016-10-11T00:00:00.000Z,2016-10-11T22:20:00.000Z,"22.42","4",16,0,0
2016-10-12T00:00:00.000Z,2016-10-12T20:20:00.000Z,"22.20","4",16,0,0
2016-10-13T00:00:00.000Z,2016-10-13T10:35:00.000Z,"22.17","4",16,0,0
2016-10-14T00:00:00.000Z,2016-10-14T00:00:00.000Z,"22.28","4",16,0,0
2016-10-15T00:00:00.000Z,2016-10-15T23:55:00.000Z,"21.91","4",16,0,0
2016-10-16T00:00:00.000Z,2016-10-16T22:00:00.000Z,"21.58","4",16,0,0
2016-10-17T00:00:00.000Z,2016-10-17T23:45:00.000Z,"21.32","4",16,0,0
2016-10-18T00:00:00.000Z,2016-10-18T20:50:00.000Z,"21.10","4",16,0,0
2016-10-19T00:00:00.000Z,2016-10-19T23:45:00.000Z,"20.92","4",16,0,0
2016-10-20T00:00:00.000Z,2016-10-20T22:00:00.000Z,"20.71","4",16,0,0
2016-10-21T00:00:00.000Z,2016-10-21T23:35:00.000Z,"20.57","4",16,0,0
2016-10-22T00:00:00.000Z,2016-10-22T23:05:00.000Z,"20.45","4",16,0,0
2016-10-23T00:00:00.000Z,2016-10-23T21:45:00.000Z,"20.29","4",16,0,0
2016-10-24T00:00:00.000Z,2016-10-24T23:25:00.000Z,"20.06","4",16,0,0
2016-10-25T00:00:00.000Z,2016-10-25T23:59:59.000Z,"19.82","4",16,0,0
2016-10-26T00:00:00.000Z,2016-10-26T23:10:00.000Z,"19.58","4",16,0,0
2016-10-27T00:00:00.000Z,2016-10-27T23:05:00.000Z,"19.37","4",16,0,0
2016-10-28T00:00:00.000Z,2016-10-28T22:45:00.000Z,"19.16","4",16,0,0
2016-10-29T00:00:00.000Z,2016-10-29T20:45:00.000Z,"19.00","4",16,0,0
2016-10-30T00:00:00.000Z,2016-10-30T23:45:00.000Z,"18.80","4",16,0,0
2016-10-31T00:00:00.000Z,2016-10-31T22:05:00.000Z,"18.62","4",16,0,0
2016-11-01T00:00:00.000Z,2016-11-01T23:00:00.000Z,"18.42","4",16,0,0
2016-11-02T00:00:00.000Z,2016-11-02T20:50:00.000Z,"18.25","4",16,0,0
2016-11-03T00:00:00.000Z,2016-11-03T13:05:00.000Z,"18.20","4",16,0,0
2016-11-04T00:00:00.000Z,2016-11-04T00:30:00.000Z,"18.18","4",16,0,0
2016-11-05T00:00:00.000Z,2016-11-05T00:20:00.000Z,"18.24","4",16,0,0
2016-11-06T00:00:00.000Z,2016-11-06T00:00:00.000Z,"18.32","4",16,0,0
2016-11-07T00:00:00.000Z,2016-11-07T00:00:00.000Z,"18.57","4",16,0,0
2016-11-08T00:00:00.000Z,2016-11-08T14:30:00.000Z,"18.66","4",16,0,0
2016-11-09T00:00:00.000Z,2016-11-09T23:59:59.000Z,"18.46","4",16,0,0
2016-11-10T00:00:00.000Z,2016-11-10T22:30:00.000Z,"18.22","4",16,0,0
2016-11-11T00:00:00.000Z,2016-11-11T13:00:00.000Z,"18.11","4",16,0,0
2016-11-12T00:00:00.000Z,2016-11-12T00:00:00.000Z,"18.17","4",16,0,0
2016-11-13T00:00:00.000Z,2016-11-13T00:00:00.000Z,"18.34","4",16,0,0
2016-11-14T00:00:00.000Z,2016-11-14T00:30:00.000Z,"18.44","4",16,0,0
2016-11-15T00:00:00.000Z,2016-11-15T00:00:00.000Z,"18.61","4",16,0,0
2016-11-16T00:00:00.000Z,2016-11-16T23:30:00.000Z,"17.28","4",16,0,0
2016-11-17T00:00:00.000Z,2016-11-17T14:00:00.000Z,"17.85","4",16,0,0
2016-11-18T00:00:00.000Z,2016-11-18T10:30:00.000Z,"17.25","4",16,0,0
2016-11-19T00:00:00.000Z,2016-11-19T04:00:00.000Z,"17.24","4",16,0,0
2016-11-20T00:00:00.000Z,2016-11-20T01:35:00.000Z,"18.42","4",16,0,0
2016-11-21T00:00:00.000Z,2016-11-21T00:00:00.000Z,"18.46","4",16,0,0
2016-11-22T00:00:00.000Z,2016-11-22T00:05:00.000Z,"18.64","4",16,0,0
2016-11-23T00:00:00.000Z,2016-11-23T21:25:00.000Z,"18.47","4",16,0,0
2016-11-24T00:00:00.000Z,2016-11-24T00:00:00.000Z,"18.59","4",16,0,0
2016-11-25T00:00:00.000Z,2016-11-25T04:40:00.000Z,"18.41","4",16,0,0
2016-11-26T00:00:00.000Z,2016-11-26T23:45:00.000Z,"18.46","4",16,0,0
2016-11-27T00:00:00.000Z,2016-11-27T05:00:00.000Z,"18.42","4",16,0,0
2016-11-28T00:00:00.000Z,2016-11-28T15:10:00.000Z,"18.46","4",16,0,0
2016-11-29T00:00:00.000Z,2016-11-29T12:50:00.000Z,"18.51","4",16,0,0
2016-11-30T00:00:00.000Z,2016-11-30T00:00:00.000Z,"18.59","4",16,0,0
2016-12-01T00:00:00.000Z,2016-12-01T00:00:00.000Z,"18.72","4",16,0,0
2016-12-02T00:00:00.000Z,2016-12-02T00:05:00.000Z,"19.15","4",16,0,0
2016-12-03T00:00:00.000Z,2016-12-03T12:10:00.000Z,"19.22","4",16,0,0
2016-12-04T00:00:00.000Z,2016-12-04T23:10:00.000Z,"19.05","4",16,0,0
2016-12-05T00:00:00.000Z,2016-12-05T13:05:00.000Z,"18.76","4",16,0,0
2016-12-06T00:00:00.000Z,2016-12-06T13:10:00.000Z,"18.81","4",16,0,0
2016-12-07T00:00:00.000Z,2016-12-07T14:10:00.000Z,"18.75","4",16,0,0
2016-12-08T00:00:00.000Z,2016-12-08T14:30:00.000Z,"18.64","4",16,0,0
2016-12-09T00:00:00.000Z,2016-12-09T13:00:00.000Z,"18.69","4",16,0,0
2016-12-10T00:00:00.000Z,2016-12-10T13:30:00.000Z,"18.78","4",16,0,0
2016-12-11T00:00:00.000Z,2016-12-11T23:50:00.000Z,"18.58","4",16,0,0
2016-12-12T00:00:00.000Z,2016-12-12T11:50:00.000Z,"18.30","4",16,0,0
2016-12-13T00:00:00.000Z,2016-12-13T00:05:00.000Z,"18.67","4",16,0,0
2016-12-14T00:00:00.000Z,2016-12-14T13:20:00.000Z,"18.97","4",16,0,0
2016-12-15T00:00:00.000Z,2016-12-15T14:40:00.000Z,"18.94","4",16,0,0
2016-12-16T00:00:00.000Z,2016-12-16T14:30:00.000Z,"18.94","4",16,0,0
2016-12-17T00:00:00.000Z,2016-12-17T13:00:00.000Z,"19.09","4",16,0,0
2016-12-18T00:00:00.000Z,2016-12-18T23:55:00.000Z,"19.07","4",16,0,0
2016-12-19T00:00:00.000Z,2016-12-19T14:30:00.000Z,"18.76","4",16,0,0
2016-12-20T00:00:00.000Z,2016-12-20T14:15:00.000Z,"18.75","4",16,0,0
2016-12-21T00:00:00.000Z,2016-12-21T13:45:00.000Z,"18.82","4",16,0,0
2016-12-22T00:00:00.000Z,2016-12-22T14:35:00.000Z,"18.82","4",16,0,0
2016-12-23T00:00:00.000Z,2016-12-23T12:35:00.000Z,"18.82","4",16,0,0
2016-12-24T00:00:00.000Z,2016-12-24T14:35:00.000Z,"18.76","4",16,0,0
2016-12-25T00:00:00.000Z,2016-12-25T23:35:00.000Z,"18.51","4",16,0,0
2016-12-26T00:00:00.000Z,2016-12-26T15:05:00.000Z,"18.29","4",16,0,0
2016-12-27T00:00:00.000Z,2016-12-27T14:05:00.000Z,"18.49","4",16,0,0
2016-12-28T00:00:00.000Z,2016-12-28T14:05:00.000Z,"18.64","4",16,0,0
2016-12-29T00:00:00.000Z,2016-12-29T14:05:00.000Z,"18.75","4",16,0,0
2016-12-30T00:00:00.000Z,2016-12-30T14:35:00.000Z,"18.82","4",16,0,0
2016-12-31T00:00:00.000Z,2016-12-31T15:35:00.000Z,"18.90","4",16,0,0
2017-01-01T00:00:00.000Z,2017-01-01T23:35:00.000Z,"18.78","4",16,0,0
2017-01-02T00:00:00.000Z,2017-01-02T16:35:00.000Z,"17.31","4",16,0,0
2017-01-03T00:00:00.000Z,2017-01-03T16:35:00.000Z,"17.33","4",16,0,0
2017-01-04T00:00:00.000Z,2017-01-04T03:35:00.000Z,"18.37","4",16,0,0
2017-01-05T00:00:00.000Z,2017-01-05T03:05:00.000Z,"18.74","4",16,0,0
2017-01-06T00:00:00.000Z,2017-01-06T15:10:00.000Z,"18.95","4",16,0,0
2017-01-07T00:00:00.000Z,2017-01-07T00:00:00.000Z,"19.13","4",16,0,0
2017-01-08T00:00:00.000Z,2017-01-08T23:05:00.000Z,"19.33","4",16,0,0
2017-01-09T00:00:00.000Z,2017-01-09T12:35:00.000Z,"19.21","4",16,0,0
2017-01-10T00:00:00.000Z,2017-01-10T00:05:00.000Z,"19.45","4",16,0,0
2017-01-11T00:00:00.000Z,2017-01-11T00:05:00.000Z,"19.78","4",16,0,0
2017-01-12T00:00:00.000Z,2017-01-12T00:05:00.000Z,"20.21","4",16,0,0
2017-01-13T00:00:00.000Z,2017-01-13T00:05:00.000Z,"20.48","4",16,0,0
2017-01-14T00:00:00.000Z,2017-01-14T00:05:00.000Z,"20.77","4",16,0,0
2017-01-15T00:00:00.000Z,2017-01-15T00:05:00.000Z,"21.03","4",16,0,0
2017-01-16T00:00:00.000Z,2017-01-16T00:05:00.000Z,"21.32","4",16,0,0
2017-01-17T00:00:00.000Z,2017-01-17T00:05:00.000Z,"21.75","4",16,0,0
2017-01-18T00:00:00.000Z,2017-01-18T19:35:00.000Z,"19.60","4",16,0,0
2017-01-19T00:00:00.000Z,2017-01-19T11:05:00.000Z,"19.79","4",16,0,0
2017-01-20T00:00:00.000Z,2017-01-20T03:35:00.000Z,"19.90","4",16,0,0
2017-01-21T00:00:00.000Z,2017-01-21T01:05:00.000Z,"22.46","4",16,0,0
2017-01-22T00:00:00.000Z,2017-01-22T07:00:00.000Z,"23.19","4",16,0,0
2017-01-23T00:00:00.000Z,2017-01-23T00:05:00.000Z,"23.27","4",16,0,0
2017-01-24T00:00:00.000Z,2017-01-24T11:15:00.000Z,"23.66","4",16,0,0
2017-01-25T00:00:00.000Z,2017-01-25T13:00:00.000Z,"23.76","4",16,0,0
2017-01-26T00:00:00.000Z,2017-01-26T00:05:00.000Z,"23.78","4",16,0,0
2017-01-27T00:00:00.000Z,2017-01-27T09:15:00.000Z,"23.82","4",16,0,0
2017-01-28T00:00:00.000Z,2017-01-28T00:10:00.000Z,"23.92","4",16,0,0
2017-01-29T00:00:00.000Z,2017-01-29T00:00:00.000Z,"24.36","4",16,0,0
2017-01-30T00:00:00.000Z,2017-01-30T00:05:00.000Z,"24.64","4",16,0,0
2017-01-31T00:00:00.000Z,2017-01-31T00:45:00.000Z,"24.83","4",16,0,0
2017-02-01T00:00:00.000Z,2017-02-01T00:00:00.000Z,"25.10","4",16,0,0
2017-02-02T00:00:00.000Z,2017-02-02T00:00:00.000Z,"25.48","4",16,0,0
2017-02-03T00:00:00.000Z,2017-02-03T00:05:00.000Z,"25.91","4",16,0,0
2017-02-04T00:00:00.000Z,2017-02-04T00:00:00.000Z,"26.30","4",16,0,0
2017-02-05T00:00:00.000Z,2017-02-05T00:05:00.000Z,"26.53","4",16,0,0
2017-02-06T00:00:00.000Z,2017-02-06T00:30:00.000Z,"26.71","4",16,0,0
2017-02-07T00:00:00.000Z,2017-02-07T00:00:00.000Z,"26.88","4",16,0,0
2017-02-08T00:00:00.000Z,2017-02-08T00:00:00.000Z,"27.22","4",16,0,0
2017-02-09T00:00:00.000Z,2017-02-09T12:20:00.000Z,"27.38","4",16,0,0
2017-02-10T00:00:00.000Z,2017-02-10T11:50:00.000Z,"27.44","4",16,0,0
2017-02-11T00:00:00.000Z,2017-02-11T07:30:00.000Z,"27.54","4",16,0,0
2017-02-12T00:00:00.000Z,2017-02-12T00:05:00.000Z,"27.75","4",16,0,0
2017-02-13T00:00:00.000Z,2017-02-13T00:00:00.000Z,"28.12","4",16,0,0
2017-02-14T00:00:00.000Z,2017-02-14T00:05:00.000Z,"29.26","4",16,0,0
2017-02-15T00:00:00.000Z,2017-02-15T11:00:00.000Z,"28.98","4",16,0,0
2017-02-16T00:00:00.000Z,2017-02-16T07:50:00.000Z,"29.12","4",16,0,0
2017-02-17T00:00:00.000Z,2017-02-17T12:30:00.000Z,"29.11","4",16,0,0
2017-02-18T00:00:00.000Z,2017-02-18T00:00:00.000Z,"29.37","4",16,0,0
2017-02-19T00:00:00.000Z,2017-02-19T00:00:00.000Z,"29.66","4",16,0,0
2017-02-20T00:00:00.000Z,2017-02-20T09:55:00.000Z,"29.62","4",16,0,0
2017-02-21T00:00:00.000Z,2017-02-21T00:00:00.000Z,"29.79","4",16,0,0
2017-02-22T00:00:00.000Z,2017-02-22T00:05:00.000Z,"30.07","4",16,0,0
2017-02-23T00:00:00.000Z,2017-02-23T00:05:00.000Z,"30.39","4",16,0,0
2017-02-24T00:00:00.000Z,2017-02-24T00:05:00.000Z,"30.77","4",16,0,0
2017-02-25T00:00:00.000Z,2017-02-25T00:00:00.000Z,"31.18","4",16,0,0
2017-02-26T00:00:00.000Z,2017-02-26T00:00:00.000Z,"31.51","4",16,0,0
2017-02-27T00:00:00.000Z,2017-02-27T00:00:00.000Z,"31.70","4",16,0,0
2017-02-28T00:00:00.000Z,2017-02-28T00:00:00.000Z,"31.98","4",16,0,0
2017-03-01T00:00:00.000Z,2017-03-01T00:20:00.000Z,"32.23","4",16,0,0
2017-03-02T00:00:00.000Z,2017-03-02T12:30:00.000Z,"32.30","4",16,0,0
2017-03-03T00:00:00.000Z,2017-03-03T00:00:00.000Z,"32.37","4",16,0,0
2017-03-04T00:00:00.000Z,2017-03-04T00:10:00.000Z,"32.56","4",16,0,0
2017-03-05T00:00:00.000Z,2017-03-05T00:00:00.000Z,"33.31","4",16,0,0
2017-03-06T00:00:00.000Z,2017-03-06T00:25:00.000Z,"33.61","4",16,0,0
2017-03-07T00:00:00.000Z,2017-03-07T00:00:00.000Z,"33.94","4",16,0,0
2017-03-08T00:00:00.000Z,2017-03-08T00:05:00.000Z,"34.22","4",16,0,0
2017-03-09T00:00:00.000Z,2017-03-09T11:30:00.000Z,"34.14","4",16,0,0
2017-03-10T00:00:00.000Z,2017-03-10T00:05:00.000Z,"34.35","4",16,0,0
2017-03-11T00:00:00.000Z,2017-03-11T00:00:00.000Z,"34.57","4",16,0,0
2017-03-12T00:00:00.000Z,2017-03-12T00:15:00.000Z,"34.82","4",16,0,0
2017-03-13T00:00:00.000Z,2017-03-13T03:30:00.000Z,"34.82","4",16,0,0
2017-03-14T00:00:00.000Z,2017-03-14T07:30:00.000Z,"34.80","4",16,0,0
2017-03-15T00:00:00.000Z,2017-03-15T00:05:00.000Z,"34.83","4",16,0,0
2017-03-16T00:00:00.000Z,2017-03-16T00:00:00.000Z,"35.11","4",16,0,0
2017-03-17T00:00:00.000Z,2017-03-17T00:00:00.000Z,"35.41","4",16,0,0
2017-03-18T00:00:00.000Z,2017-03-18T00:00:00.000Z,"35.66","4",16,0,0
2017-03-19T00:00:00.000Z,2017-03-19T00:00:00.000Z,"35.90","4",16,0,0
2017-03-20T00:00:00.000Z,2017-03-20T21:25:00.000Z,"35.96","4",16,0,0
2017-03-21T00:00:00.000Z,2017-03-21T12:25:00.000Z,"36.07","4",16,0,0
2017-03-22T00:00:00.000Z,2017-03-22T03:25:00.000Z,"36.15","4",16,0,0
2017-03-23T00:00:00.000Z,2017-03-23T00:55:00.000Z,"36.38","4",16,0,0
2017-03-24T00:00:00.000Z,2017-03-24T15:25:00.000Z,"36.49","4",16,0,0
2017-03-25T00:00:00.000Z,2017-03-25T00:25:00.000Z,"36.75","4",16,0,0
2017-03-26T00:00:00.000Z,2017-03-26T01:25:00.000Z,"36.80","4",16,0,0
2017-03-27T00:00:00.000Z,2017-03-27T00:25:00.000Z,"37.10","4",16,0,0
2017-03-28T00:00:00.000Z,2017-03-28T11:25:00.000Z,"37.21","4",16,0,0
2017-03-29T00:00:00.000Z,2017-03-29T00:25:00.000Z,"37.42","4",16,0,0
2017-03-30T00:00:00.000Z,2017-03-30T00:25:00.000Z,"37.78","4",16,0,0
2017-03-31T00:00:00.000Z,2017-03-31T00:25:00.000Z,"38.04","4",16,0,0
2017-04-01T00:00:00.000Z,2017-04-01T16:55:00.000Z,"30.67","4",16,0,0
2017-04-02T00:00:00.000Z,2017-04-02T13:55:00.000Z,"29.91","4",16,0,0
2017-04-03T00:00:00.000Z,2017-04-03T07:25:00.000Z,"29.90","4",16,0,0
2017-04-04T00:00:00.000Z,2017-04-04T00:55:00.000Z,"37.84","4",16,0,0
2017-04-05T00:00:00.000Z,2017-04-05T00:40:00.000Z,"38.78","4",16,0,0
2017-04-06T00:00:00.000Z,2017-04-06T01:20:00.000Z,"38.87","4",16,0,0
2017-04-07T00:00:00.000Z,2017-04-07T00:00:00.000Z,"38.98","4",16,0,0
2017-04-08T00:00:00.000Z,2017-04-08T00:00:00.000Z,"39.07","4",16,0,0
2017-04-09T00:00:00.000Z,2017-04-09T00:05:00.000Z,"39.17","4",16,0,0
2017-04-10T00:00:00.000Z,2017-04-10T00:05:00.000Z,"39.26","4",16,0,0
2017-04-11T00:00:00.000Z,2017-04-11T00:00:00.000Z,"39.47","4",16,0,0
2017-04-12T00:00:00.000Z,2017-04-12T06:40:00.000Z,"39.70","4",16,0,0
2017-04-13T00:00:00.000Z,2017-04-13T00:25:00.000Z,"40.15","4",16,0,0
2017-04-14T00:00:00.000Z,2017-04-14T00:00:00.000Z,"40.45","4",16,0,0
2017-04-15T00:00:00.000Z,2017-04-15T00:05:00.000Z,"40.69","4",16,0,0
2017-04-16T00:00:00.000Z,2017-04-16T23:25:00.000Z,"40.60","4",16,0,0
2017-04-17T00:00:00.000Z,2017-04-17T07:05:00.000Z,"40.58","4",16,0,0
2017-04-18T00:00:00.000Z,2017-04-18T00:00:00.000Z,"40.69","4",16,0,0
2017-04-19T00:00:00.000Z,2017-04-19T00:00:00.000Z,"40.87","4",16,0,0
2017-04-20T00:00:00.000Z,2017-04-20T04:15:00.000Z,"41.04","4",16,0,0
2017-04-21T00:00:00.000Z,2017-04-21T00:00:00.000Z,"41.15","4",16,0,0
2017-04-22T00:00:00.000Z,2017-04-22T00:05:00.000Z,"41.22","4",16,0,0
2017-04-23T00:00:00.000Z,2017-04-23T00:00:00.000Z,"41.29","4",16,0,0
2017-04-24T00:00:00.000Z,2017-04-24T01:20:00.000Z,"41.35","4",16,0,0
2017-04-25T00:00:00.000Z,2017-04-25T00:00:00.000Z,"41.49","4",16,0,0
2017-04-26T00:00:00.000Z,2017-04-26T00:05:00.000Z,"41.70","4",16,0,0
2017-04-27T00:00:00.000Z,2017-04-27T00:15:00.000Z,"42.09","4",16,0,0
2017-04-28T00:00:00.000Z,2017-04-28T13:20:00.000Z,"42.25","4",16,0,0
2017-04-29T00:00:00.000Z,2017-04-29T00:15:00.000Z,"42.30","4",16,0,0
2017-04-30T00:00:00.000Z,2017-04-30T18:45:00.000Z,"42.31","4",16,0,0
2017-05-01T00:00:00.000Z,2017-05-01T00:05:00.000Z,"42.33","4",16,0,0
2017-05-02T00:00:00.000Z,2017-05-02T00:05:00.000Z,"42.37","4",16,0,0
2017-05-03T00:00:00.000Z,2017-05-03T00:10:00.000Z,"42.41","4",16,0,0
2017-05-04T00:00:00.000Z,2017-05-04T06:45:00.000Z,"42.14","4",16,0,0
2017-05-05T00:00:00.000Z,2017-05-05T00:30:00.000Z,"42.57","4",16,0,0
2017-05-06T00:00:00.000Z,2017-05-06T00:05:00.000Z,"42.75","4",16,0,0
2017-05-07T00:00:00.000Z,2017-05-07T00:00:00.000Z,"43.08","4",16,0,0
2017-05-08T00:00:00.000Z,2017-05-08T00:15:00.000Z,"43.26","4",16,0,0
2017-05-09T00:00:00.000Z,2017-05-09T00:10:00.000Z,"43.31","4",16,0,0
2017-05-10T00:00:00.000Z,2017-05-10T14:05:00.000Z,"43.31","4",16,0,0
2017-05-11T00:00:00.000Z,2017-05-11T00:15:00.000Z,"43.32","4",16,0,0
2017-05-12T00:00:00.000Z,2017-05-12T21:30:00.000Z,"43.39","4",16,0,0
2017-05-13T00:00:00.000Z,2017-05-13T18:30:00.000Z,"43.35","4",16,0,0
2017-05-14T00:00:00.000Z,2017-05-14T15:00:00.000Z,"43.37","4",16,0,0
2017-05-15T00:00:00.000Z,2017-05-15T00:00:00.000Z,"43.39","4",16,0,0
2017-05-16T00:00:00.000Z,2017-05-16T00:00:00.000Z,"43.40","4",16,0,0
2017-05-17T00:00:00.000Z,2017-05-17T00:00:00.000Z,"43.47","4",16,0,0
2017-05-18T00:00:00.000Z,2017-05-18T00:00:00.000Z,"43.52","4",16,0,0
2017-05-19T00:00:00.000Z,2017-05-19T16:00:00.000Z,"43.56","4",16,0,0
2017-05-20T00:00:00.000Z,2017-05-20T23:00:00.000Z,"43.54","4",16,0,0
2017-05-21T00:00:00.000Z,2017-05-21T20:00:00.000Z,"43.51","4",16,0,0
2017-05-22T00:00:00.000Z,2017-05-22T00:00:00.000Z,"43.53","4",16,0,0
2017-05-23T00:00:00.000Z,2017-05-23T00:00:00.000Z,"43.63","4",16,0,0
2017-05-24T00:00:00.000Z,2017-05-24T04:30:00.000Z,"43.61","4",16,0,0
2017-05-25T00:00:00.000Z,2017-05-25T17:30:00.000Z,"34.45","4",16,0,0
2017-05-26T00:00:00.000Z,2017-05-26T17:00:00.000Z,"41.39","4",16,0,0
2017-05-27T00:00:00.000Z,2017-05-27T09:00:00.000Z,"35.06","4",16,0,0
2017-05-28T00:00:00.000Z,2017-05-28T01:05:00.000Z,"43.90","4",16,0,0
2017-05-29T00:00:00.000Z,2017-05-29T23:55:00.000Z,"43.86","4",16,0,0
2017-05-30T00:00:00.000Z,2017-05-30T11:20:00.000Z,"43.84","4",16,0,0
2017-05-31T00:00:00.000Z,2017-05-31T00:00:00.000Z,"43.87","4",16,0,0
2017-06-01T00:00:00.000Z,2017-06-01T08:50:00.000Z,"43.91","4",16,0,0
2017-06-02T00:00:00.000Z,2017-06-02T00:00:00.000Z,"43.97","4",16,0,0
2017-06-03T00:00:00.000Z,2017-06-03T00:00:00.000Z,"44.00","4",16,0,0
2017-06-04T00:00:00.000Z,2017-06-04T21:20:00.000Z,"44.01","4",16,0,0
2017-06-05T00:00:00.000Z,2017-06-05T19:10:00.000Z,"43.93","4",16,0,0
2017-06-06T00:00:00.000Z,2017-06-06T13:50:00.000Z,"43.89","4",16,0,0
2017-06-07T00:00:00.000Z,2017-06-07T00:00:00.000Z,"43.91","4",16,0,0
2017-06-08T00:00:00.000Z,2017-06-08T11:25:00.000Z,"43.69","4",16,0,0
2017-06-09T00:00:00.000Z,2017-06-09T01:55:00.000Z,"43.90","4",16,0,0
2017-06-10T00:00:00.000Z,2017-06-10T06:45:00.000Z,"43.93","4",16,0,0
2017-06-11T00:00:00.000Z,2017-06-11T04:25:00.000Z,"43.91","4",16,0,0
2017-06-12T00:00:00.000Z,2017-06-12T09:25:00.000Z,"43.90","4",16,0,0
2017-06-13T00:00:00.000Z,2017-06-13T00:05:00.000Z,"43.90","4",16,0,0
2017-06-14T00:00:00.000Z,2017-06-14T00:40:00.000Z,"43.94","4",16,0,0
2017-06-15T00:00:00.000Z,2017-06-15T00:20:00.000Z,"43.95","4",16,0,0
2017-06-16T00:00:00.000Z,2017-06-16T21:15:00.000Z,"43.95","4",16,0,0
2017-06-17T00:00:00.000Z,2017-06-17T00:00:00.000Z,"43.97","4",16,0,0
2017-06-18T00:00:00.000Z,2017-06-18T17:30:00.000Z,"44.01","4",16,0,0
2017-06-19T00:00:00.000Z,2017-06-19T23:40:00.000Z,"43.96","4",16,0,0
2017-06-20T00:00:00.000Z,2017-06-20T09:15:00.000Z,"43.73","4",16,0,0
2017-06-21T00:00:00.000Z,2017-06-21T01:35:00.000Z,"43.91","4",16,0,0
2017-06-22T00:00:00.000Z,2017-06-22T02:20:00.000Z,"43.95","4",16,0,0
2017-06-23T00:00:00.000Z,2017-06-23T22:20:00.000Z,"43.97","4",16,0,0
2017-06-24T00:00:00.000Z,2017-06-24T22:55:00.000Z,"43.91","4",16,0,0
2017-06-25T00:00:00.000Z,2017-06-25T17:30:00.000Z,"43.90","4",16,0,0
2017-06-26T00:00:00.000Z,2017-06-26T00:30:00.000Z,"43.90","4",16,0,0
2017-06-27T00:00:00.000Z,2017-06-27T19:50:00.000Z,"43.90","4",16,0,0
2017-06-28T00:00:00.000Z,2017-06-28T18:00:00.000Z,"43.86","4",16,0,0
2017-06-29T00:00:00.000Z,2017-06-29T18:30:00.000Z,"43.86","4",16,0,0
2017-06-30T00:00:00.000Z,2017-06-30T00:00:00.000Z,"43.87","4",16,0,0
2017-07-01T00:00:00.000Z,2017-07-01T23:35:00.000Z,"43.86","4",16,0,0
2017-07-02T00:00:00.000Z,2017-07-02T22:45:00.000Z,"43.76","4",16,0,0
2017-07-03T00:00:00.000Z,2017-07-03T22:50:00.000Z,"43.67","4",16,0,0
2017-07-04T00:00:00.000Z,2017-07-04T23:55:00.000Z,"43.55","4",16,0,0
2017-07-05T00:00:00.000Z,2017-07-05T21:00:00.000Z,"43.41","4",16,0,0
2017-07-06T00:00:00.000Z,2017-07-06T21:00:00.000Z,"43.26","4",16,0,0
2017-07-07T00:00:00.000Z,2017-07-07T22:30:00.000Z,"43.07","4",16,0,0
2017-07-08T00:00:00.000Z,2017-07-08T23:10:00.000Z,"42.90","4",16,0,0
2017-07-09T00:00:00.000Z,2017-07-09T23:05:00.000Z,"42.60","4",16,0,0
2017-07-10T00:00:00.000Z,2017-07-10T22:05:00.000Z,"42.51","4",16,0,0
2017-07-11T00:00:00.000Z,2017-07-11T19:35:00.000Z,"42.43","4",16,0,0
2017-07-12T00:00:00.000Z,2017-07-12T23:25:00.000Z,"42.39","4",16,0,0
2017-07-13T00:00:00.000Z,2017-07-13T22:40:00.000Z,"42.22","4",16,0,0
2017-07-14T00:00:00.000Z,2017-07-14T23:40:00.000Z,"42.04","4",16,0,0
2017-07-15T00:00:00.000Z,2017-07-15T23:59:59.000Z,"41.84","4",16,0,0
2017-07-16T00:00:00.000Z,2017-07-16T23:55:00.000Z,"41.64","4",16,0,0
2017-07-17T00:00:00.000Z,2017-07-17T23:45:00.000Z,"41.47","4",16,0,0
2017-07-18T00:00:00.000Z,2017-07-18T23:35:00.000Z,"41.21","4",16,0,0
2017-07-19T00:00:00.000Z,2017-07-19T23:35:00.000Z,"41.05","4",16,0,0
2017-07-20T00:00:00.000Z,2017-07-20T22:35:00.000Z,"40.88","4",16,0,0
2017-07-21T00:00:00.000Z,2017-07-21T23:05:00.000Z,"40.72","4",16,0,0
2017-07-22T00:00:00.000Z,2017-07-22T22:35:00.000Z,"40.56","4",16,0,0
2017-07-23T00:00:00.000Z,2017-07-23T23:05:00.000Z,"40.36","4",16,0,0
2017-07-24T00:00:00.000Z,2017-07-24T23:35:00.000Z,"40.26","4",16,0,0
2017-07-25T00:00:00.000Z,2017-07-25T20:35:00.000Z,"40.07","4",16,0,0
2017-07-26T00:00:00.000Z,2017-07-26T23:05:00.000Z,"39.86","4",16,0,0
2017-07-27T00:00:00.000Z,2017-07-27T23:35:00.000Z,"39.67","4",16,0,0
2017-07-28T00:00:00.000Z,2017-07-28T23:05:00.000Z,"39.45","4",16,0,0
2017-07-29T00:00:00.000Z,2017-07-29T22:35:00.000Z,"39.23","4",16,0,0
2017-07-30T00:00:00.000Z,2017-07-30T22:05:00.000Z,"39.01","4",16,0,0
2017-07-31T00:00:00.000Z,2017-07-31T22:35:00.000Z,"38.79","4",16,0,0
2017-08-01T00:00:00.000Z,2017-08-01T21:05:00.000Z,"38.58","4",16,0,0
2017-08-02T00:00:00.000Z,2017-08-02T18:05:00.000Z,"33.06","4",16,0,0
2017-08-03T00:00:00.000Z,2017-08-03T10:35:00.000Z,"34.50","4",16,0,0
2017-08-04T00:00:00.000Z,2017-08-04T04:05:00.000Z,"29.50","4",16,0,0
2017-08-05T00:00:00.000Z,2017-08-05T04:05:00.000Z,"29.97","4",16,0,0
2017-08-06T00:00:00.000Z,2017-08-06T08:50:00.000Z,"37.60","4",16,0,0
2017-08-07T00:00:00.000Z,2017-08-07T23:00:00.000Z,"37.48","4",16,0,0
2017-08-08T00:00:00.000Z,2017-08-08T22:35:00.000Z,"37.28","4",16,0,0
2017-08-09T00:00:00.000Z,2017-08-09T21:35:00.000Z,"37.11","4",16,0,0
2017-08-10T00:00:00.000Z,2017-08-10T00:00:00.000Z,"37.13","4",16,0,0
2017-08-11T00:00:00.000Z,2017-08-11T22:45:00.000Z,"37.08","4",16,0,0
2017-08-12T00:00:00.000Z,2017-08-12T23:15:00.000Z,"36.93","4",16,0,0
2017-08-13T00:00:00.000Z,2017-08-13T22:25:00.000Z,"36.76","4",16,0,0
2017-08-14T00:00:00.000Z,2017-08-14T22:10:00.000Z,"36.58","4",16,0,0
2017-08-15T00:00:00.000Z,2017-08-15T21:05:00.000Z,"36.43","4",16,0,0
2017-08-16T00:00:00.000Z,2017-08-16T23:50:00.000Z,"36.26","4",16,0,0
2017-08-17T00:00:00.000Z,2017-08-17T23:20:00.000Z,"36.09","4",16,0,0
2017-08-18T00:00:00.000Z,2017-08-18T22:00:00.000Z,"35.90","4",16,0,0
2017-08-19T00:00:00.000Z,2017-08-19T19:20:00.000Z,"35.72","4",16,0,0
2017-08-20T00:00:00.000Z,2017-08-20T23:30:00.000Z,"35.52","4",16,0,0
2017-08-21T00:00:00.000Z,2017-08-21T21:30:00.000Z,"35.36","4",16,0,0
2017-08-22T00:00:00.000Z,2017-08-22T22:35:00.000Z,"35.15","4",16,0,0
2017-08-23T00:00:00.000Z,2017-08-23T23:35:00.000Z,"34.95","4",16,0,0
2017-08-24T00:00:00.000Z,2017-08-24T23:15:00.000Z,"34.84","4",16,0,0
2017-08-25T00:00:00.000Z,2017-08-25T23:55:00.000Z,"34.68","4",16,0,0
2017-08-26T00:00:00.000Z,2017-08-26T23:55:00.000Z,"34.50","4",16,0,0
2017-08-27T00:00:00.000Z,2017-08-27T23:50:00.000Z,"34.31","4",16,0,0
2017-08-28T00:00:00.000Z,2017-08-28T23:59:59.000Z,"34.11","4",16,0,0
2017-08-29T00:00:00.000Z,2017-08-29T22:20:00.000Z,"33.92","4",16,0,0
2017-08-30T00:00:00.000Z,2017-08-30T23:59:59.000Z,"33.65","4",16,0,0
2017-08-31T00:00:00.000Z,2017-08-31T23:59:59.000Z,"33.44","4",16,0,0
2017-09-01T00:00:00.000Z,2017-09-01T22:35:00.000Z,"33.15","4",16,0,0
2017-09-02T00:00:00.000Z,2017-09-02T23:55:00.000Z,"32.79","4",16,0,0
2017-09-03T00:00:00.000Z,2017-09-03T23:25:00.000Z,"32.42","4",16,0,0
2017-09-04T00:00:00.000Z,2017-09-04T21:55:00.000Z,"32.11","4",16,0,0
2017-09-05T00:00:00.000Z,2017-09-05T23:55:00.000Z,"31.77","4",16,0,0
2017-09-06T00:00:00.000Z,2017-09-06T23:20:00.000Z,"31.40","4",16,0,0
2017-09-07T00:00:00.000Z,2017-09-07T23:50:00.000Z,"31.00","4",16,0,0
2017-09-08T00:00:00.000Z,2017-09-08T23:30:00.000Z,"30.63","4",16,0,0
2017-09-09T00:00:00.000Z,2017-09-09T23:35:00.000Z,"30.29","4",16,0,0
2017-09-10T00:00:00.000Z,2017-09-10T23:00:00.000Z,"30.04","4",16,0,0
2017-09-11T00:00:00.000Z,2017-09-11T23:55:00.000Z,"29.76","4",16,0,0
2017-09-12T00:00:00.000Z,2017-09-12T23:35:00.000Z,"29.39","4",16,0,0
2017-09-13T00:00:00.000Z,2017-09-13T23:45:00.000Z,"29.01","4",16,0,0
2017-09-14T00:00:00.000Z,2017-09-14T23:35:00.000Z,"28.63","4",16,0,0
2017-09-15T00:00:00.000Z,2017-09-15T23:40:00.000Z,"28.45","4",16,0,0
2017-09-16T00:00:00.000Z,2017-09-16T23:25:00.000Z,"28.25","4",16,0,0
2017-09-17T00:00:00.000Z,2017-09-17T22:10:00.000Z,"27.96","4",16,0,0
2017-09-18T00:00:00.000Z,2017-09-18T23:40:00.000Z,"27.66","4",16,0,0
2017-09-19T00:00:00.000Z,2017-09-19T23:40:00.000Z,"27.33","4",16,0,0
2017-09-20T00:00:00.000Z,2017-09-20T23:10:00.000Z,"26.95","4",16,0,0
2017-09-21T00:00:00.000Z,2017-09-21T23:40:00.000Z,"26.52","4",16,0,0
2017-09-22T00:00:00.000Z,2017-09-22T23:10:00.000Z,"26.10","4",16,0,0
2017-09-23T00:00:00.000Z,2017-09-23T22:40:00.000Z,"25.76","4",16,0,0
2017-09-24T00:00:00.000Z,2017-09-24T22:10:00.000Z,"25.46","4",16,0,0